<?xml version="1.0" encoding="UTF-8"?>

<beans xmlns="http://www.springframework.org/schema/beans"
	xmlns:xsi="http://www.w3.org/2001/XMLSchema-instance" xmlns:p="http://www.springframework.org/schema/p"
	xmlns:webflow-config="http://www.springframework.org/schema/webflow-config"
	xsi:schemaLocation="http://www.springframework.org/schema/beans
                           http://www.springframework.org/schema/beans/spring-beans.xsd
                         http://www.springframework.org/schema/webflow-config
                         http://www.springframework.org/schema/webflow-config/spring-webflow-config.xsd">

	<!-- Enables FlowHandlers -->
	<webflow-config:flow-executor id="flowExecutor"
		flow-registry="flowRegistry" />
	<webflow-config:flow-registry id="flowRegistry"
		base-path="/WEB-INF/Views">
		
		<webflow-config:flow-location path="/flows/checkout-flow.xml" id="checkout" />
	</webflow-config:flow-registry>
	
	<bean id="flowHandlerMapping"
		class="org.springframework.webflow.mvc.servlet.FlowHandlerMapping">
		<property name="flowRegistry" ref="flowRegistry" />
	</bean>
	<bean id="flowHandlerAdapter"
		class="org.springframework.webflow.mvc.servlet.FlowHandlerAdapter">
		<property name="flowExecutor" ref="flowExecutor" />
	</bean>

</beans>